OPEC Meeting;USD;2026-01-04;10:00am;Medium;2026-01-04 10:00am;1767520800;kvr76hbfj9g0
FOMC Member Kashkari Speaks;USD;2026-01-04;17:30pm;Medium;2026-01-04 17:30pm;1767547800;7o6tquk8q670
au Jibun Bank Manufacturing PMI (Dec);JPY;2026-01-05;00:30am;Low;2026-01-05 00:30am;1767573000;7mbpv4u5ktt0
Caixin Services PMI (Dec);CNY;2026-01-05;01:45am;Medium;2026-01-05 01:45am;1767577500;7o8r9c2svhe0
Retail Sales (YoY) (Nov);SGD;2026-01-05;05:00am;Low;2026-01-05 05:00am;1767589200;lrvpi39mn0k0
Retail Sales (MoM) (Nov);SGD;2026-01-05;05:00am;Low;2026-01-05 05:00am;1767589200;7c13ndighj00
Retail Sales (YoY) (Nov);CHF;2026-01-05;07:30am;Low;2026-01-05 07:30am;1767598200;4d8i91sd6g10
Spanish Unemployment Change (Dec);EUR;2026-01-05;08:00am;Medium;2026-01-05 08:00am;1767600000;1h2tfbeuc4go
procure.ch Manufacturing PMI (Dec);CHF;2026-01-05;08:30am;Medium;2026-01-05 08:30am;1767601800;7ho9t179ifg0
Baden Wuerttemberg CPI (MoM) (Dec);EUR;2026-01-05;09:00am;Low;2026-01-05 09:00am;1767603600;sbltghqvirc0
Baden Wuerttemberg CPI (YoY) (Dec);EUR;2026-01-05;09:00am;Low;2026-01-05 09:00am;1767603600;536ui5n92eq0
BoE Consumer Credit (Nov);GBP;2026-01-05;09:30am;Low;2026-01-05 09:30am;1767605400;1a86tiot5geg
M3 Money Supply (Nov);GBP;2026-01-05;09:30am;Low;2026-01-05 09:30am;1767605400;7guoqqmns5l0
M4 Money Supply (MoM) (Nov);GBP;2026-01-05;09:30am;Low;2026-01-05 09:30am;1767605400;tq3d7lh5ik80
Mortgage Approvals (Nov);GBP;2026-01-05;09:30am;Low;2026-01-05 09:30am;1767605400;27arqbetg110
Mortgage Lending (Nov);GBP;2026-01-05;09:30am;Low;2026-01-05 09:30am;1767605400;65khkdj9iuf0
Net Lending to Individuals (Nov);GBP;2026-01-05;09:30am;Low;2026-01-05 09:30am;1767605400;77j96fb8nge0
Sentix Investor Confidence (Jan);EUR;2026-01-05;09:30am;Low;2026-01-05 09:30am;1767605400;122817rerem8
Construction Spending (MoM) (Oct);USD;2026-01-05;11:00am;Medium;2026-01-05 11:00am;1767610800;2k5o1552b230
Italian Car Registration (YoY) (Dec);EUR;2026-01-05;11:00am;Low;2026-01-05 11:00am;1767610800;2e5a5maa9dsg
BCB Focus Market Readout;BRL;2026-01-05;11:25am;Low;2026-01-05 11:25am;1767612300;7p4indpsv4b0
French 12-Month BTF Auction;EUR;2026-01-05;14:00pm;Low;2026-01-05 14:00pm;1767621600;5mon01leo3r0
French 3-Month BTF Auction;EUR;2026-01-05;14:00pm;Low;2026-01-05 14:00pm;1767621600;4arqgv2quec0
French 6-Month BTF Auction;EUR;2026-01-05;14:00pm;Low;2026-01-05 14:00pm;1767621600;4nphrar9c030
ISM Manufacturing Employment (Dec);USD;2026-01-05;15:00pm;Medium;2026-01-05 15:00pm;1767625200;7b321gpcug50
ISM Manufacturing New Orders Index (Dec);USD;2026-01-05;15:00pm;Low;2026-01-05 15:00pm;1767625200;5n6cshobvhl0
ISM Manufacturing PMI (Dec);USD;2026-01-05;15:00pm;High;2026-01-05 15:00pm;1767625200;2g7l13lg81ag
ISM Manufacturing Prices (Dec);USD;2026-01-05;15:00pm;High;2026-01-05 15:00pm;1767625200;7mbuadk04ru0
3-Month Bill Auction;USD;2026-01-05;16:30pm;Low;2026-01-05 16:30pm;1767630600;6blbv43n0420
6-Month Bill Auction;USD;2026-01-05;16:30pm;Low;2026-01-05 16:30pm;1767630600;4r7aljgipjf0
Atlanta Fed GDPNow (Q4);USD;2026-01-05;17:00pm;Medium;2026-01-05 17:00pm;1767632400;74b16bn88rb0
French Car Registration (YoY) (Dec);EUR;2026-01-05;17:00pm;Low;2026-01-05 17:00pm;1767632400;6dj4prhm0nd0
Trade Balance (Dec);BRL;2026-01-05;18:00pm;Low;2026-01-05 18:00pm;1767636000;564heoti0sq0
Total Vehicle Sales (Dec);USD;2026-01-05;19:00pm;Low;2026-01-05 19:00pm;1767639600;18mu62r3v5vg
CFTC GBP speculative net positions;GBP;2026-01-05;20:30pm;Medium;2026-01-05 20:30pm;1767645000;24h5ak9qmrvg
CFTC Aluminium speculative net positions;USD;2026-01-05;20:30pm;Low;2026-01-05 20:30pm;1767645000;7ru2laiojkg0
CFTC Copper speculative net positions;USD;2026-01-05;20:30pm;Low;2026-01-05 20:30pm;1767645000;rc35pkido4s0
CFTC Crude Oil speculative net positions;USD;2026-01-05;20:30pm;Medium;2026-01-05 20:30pm;1767645000;3te3fehn0e80
CFTC Gold speculative net positions;USD;2026-01-05;20:30pm;Medium;2026-01-05 20:30pm;1767645000;13jma17q8hgg
CFTC Nasdaq 100 speculative net positions;USD;2026-01-05;20:30pm;Medium;2026-01-05 20:30pm;1767645000;30l4s47l1rmg
CFTC Natural Gas speculative net positions;USD;2026-01-05;20:30pm;Low;2026-01-05 20:30pm;1767645000;4puha5gjneb0
CFTC S&amp;P 500 speculative net positions;USD;2026-01-05;20:30pm;Medium;2026-01-05 20:30pm;1767645000;79brt0dm2i40
CFTC Silver speculative net positions;USD;2026-01-05;20:30pm;Low;2026-01-05 20:30pm;1767645000;6tom88i85bo0
CFTC Soybeans speculative net positions;USD;2026-01-05;20:30pm;Low;2026-01-05 20:30pm;1767645000;75868c7cjh40
CFTC Wheat speculative net positions;USD;2026-01-05;20:30pm;Low;2026-01-05 20:30pm;1767645000;36isj971ajl0
CFTC CAD speculative net positions;CAD;2026-01-05;20:30pm;Low;2026-01-05 20:30pm;1767645000;12qkm9q0tum0
CFTC CHF speculative net positions;CHF;2026-01-05;20:30pm;Low;2026-01-05 20:30pm;1767645000;p8s2817v2ec0
CFTC AUD speculative net positions;AUD;2026-01-05;20:30pm;Medium;2026-01-05 20:30pm;1767645000;1kf7a15jpgn8
CFTC BRL speculative net positions;BRL;2026-01-05;20:30pm;Medium;2026-01-05 20:30pm;1767645000;6veonfm3v7o0
CFTC JPY speculative net positions;JPY;2026-01-05;20:30pm;Medium;2026-01-05 20:30pm;1767645000;hhoo1996ai00
CFTC NZD speculative net positions;NZD;2026-01-05;20:30pm;Low;2026-01-05 20:30pm;1767645000;1q1joc0kpl00
CFTC EUR speculative net positions;EUR;2026-01-05;20:30pm;Medium;2026-01-05 20:30pm;1767645000;chomgb4m3u00
FX Reserves - USD (Dec);KRW;2026-01-05;21:00pm;Low;2026-01-05 21:00pm;1767646800;32vimpqeqv50
Manufacturing &amp; Services PMI (Dec);AUD;2026-01-05;22:00pm;Low;2026-01-05 22:00pm;1767650400;2amj0jbni980
Judo Bank Services PMI (Dec);AUD;2026-01-05;22:00pm;Low;2026-01-05 22:00pm;1767650400;65nmmhc2lr90
Foreign Reserves (USD) (Dec);JPY;2026-01-05;23:50pm;Low;2026-01-05 23:50pm;1767657000;1i4r73dp63vg
Monetary Base (YoY) (Dec);JPY;2026-01-05;23:50pm;Low;2026-01-05 23:50pm;1767657000;cshmlgmuplc0
BRC Retail Sales Monitor (YoY);GBP;2026-01-06;00:01am;Medium;2026-01-06 00:01am;1767657660;274vkrqb35sg
S&amp;P Global Manufacturing PMI (Dec);HKD;2026-01-06;00:30am;Low;2026-01-06 00:30am;1767659400;5slohj9m43p0
10-Year JGB Auction;JPY;2026-01-06;03:35am;Medium;2026-01-06 03:35am;1767670500;5ir8h1noo610
S&amp;P Global Services PMI (Dec);INR;2026-01-06;05:00am;Low;2026-01-06 05:00am;1767675600;1dvus38vft40
Manufacturing &amp; Services PMI (Dec);INR;2026-01-06;05:00am;Low;2026-01-06 05:00am;1767675600;nn55srf8ffk0
S&amp;P Global Manufacturing PMI (Dec);ZAR;2026-01-06;07:15am;Low;2026-01-06 07:15am;1767683700;5rm39o6lep80
French CPI (MoM) (Dec);EUR;2026-01-06;07:45am;Medium;2026-01-06 07:45am;1767685500;4b350jbk4730
French CPI (YoY) (Dec);EUR;2026-01-06;07:45am;Low;2026-01-06 07:45am;1767685500;2vtspr5unkk0
French HICP (MoM) (Dec);EUR;2026-01-06;07:45am;Medium;2026-01-06 07:45am;1767685500;7b245nv8drs0
French HICP (YoY) (Dec);EUR;2026-01-06;07:45am;Low;2026-01-06 07:45am;1767685500;7ndktm2cmd10
HCOB Spain Services PMI (Dec);EUR;2026-01-06;08:15am;Medium;2026-01-06 08:15am;1767687300;7g882mc5t490
HCOB Italy Composite PMI (Dec);EUR;2026-01-06;08:45am;Low;2026-01-06 08:45am;1767689100;5mgt6b1v01m0
HCOB Italy Services PMI (Dec);EUR;2026-01-06;08:45am;Medium;2026-01-06 08:45am;1767689100;4qck01b2ieg0
HCOB France Composite PMI (Dec);EUR;2026-01-06;08:50am;Low;2026-01-06 08:50am;1767689400;6g0n9hni3cj0
HCOB France Services PMI (Dec);EUR;2026-01-06;08:50am;Medium;2026-01-06 08:50am;1767689400;6jhap42amde0
HCOB Germany Composite PMI (Dec);EUR;2026-01-06;08:55am;Low;2026-01-06 08:55am;1767689700;6oua8dajvc60
HCOB Germany Services PMI (Dec);EUR;2026-01-06;08:55am;Medium;2026-01-06 08:55am;1767689700;2hru3jpl8rig
Car Registration (YoY) (Dec);GBP;2026-01-06;09:00am;Low;2026-01-06 09:00am;1767690000;59ju89an84k0
United Kingdom New Passenger Cars Registration (Dec);GBP;2026-01-06;09:00am;Low;2026-01-06 09:00am;1767690000;5pv3svotd130
Baden Wuerttemberg CPI (MoM) (Dec);EUR;2026-01-06;09:00am;Low;2026-01-06 09:00am;1767690000;6rj2sm5ee0k0
Baden Wuerttemberg CPI (YoY) (Dec);EUR;2026-01-06;09:00am;Low;2026-01-06 09:00am;1767690000;7bhan0t6kdv0
Bavaria CPI (YoY) (Dec);EUR;2026-01-06;09:00am;Low;2026-01-06 09:00am;1767690000;2s77mno2ib6g
Bavaria CPI (MoM) (Dec);EUR;2026-01-06;09:00am;Low;2026-01-06 09:00am;1767690000;2aa653nbd0rg
Hesse CPI (MoM) (Dec);EUR;2026-01-06;09:00am;Low;2026-01-06 09:00am;1767690000;7ju8d4pgbj30
Hesse CPI (YoY) (Dec);EUR;2026-01-06;09:00am;Low;2026-01-06 09:00am;1767690000;51q9qnl2a0u0
North Rhine Westphalia CPI (MoM) (Dec);EUR;2026-01-06;09:00am;Low;2026-01-06 09:00am;1767690000;758lb4rfg1g0
North Rhine Westphalia CPI (MoM);EUR;2026-01-06;09:00am;Low;2026-01-06 09:00am;1767690000;47pthlshr2m0
North Rhine Westphalia CPI (YoY) (Dec);EUR;2026-01-06;09:00am;Low;2026-01-06 09:00am;1767690000;4busa5h6mib0
North Rhine Westphalia CPI (YoY);EUR;2026-01-06;09:00am;Low;2026-01-06 09:00am;1767690000;40lqr63q0k30
Saxony CPI (YoY) (Dec);EUR;2026-01-06;09:00am;Low;2026-01-06 09:00am;1767690000;5bdgunh96ma0
Saxony CPI (MoM) (Dec);EUR;2026-01-06;09:00am;Low;2026-01-06 09:00am;1767690000;3o3aj205um0g
IPC-Fipe Inflation Index (MoM) (Dec);BRL;2026-01-06;09:00am;Medium;2026-01-06 09:00am;1767690000;5a5bsgpcag90
HCOB Eurozone Composite PMI (Dec);EUR;2026-01-06;09:00am;Medium;2026-01-06 09:00am;1767690000;5ut0mf5s19f0
HCOB Eurozone Services PMI (Dec);EUR;2026-01-06;09:00am;Medium;2026-01-06 09:00am;1767690000;7ksjhpnaukn0
S&amp;P Global Composite PMI (Dec);GBP;2026-01-06;09:30am;Medium;2026-01-06 09:30am;1767691800;2khqq7k67o60
S&amp;P Global Services PMI (Dec);GBP;2026-01-06;09:30am;Medium;2026-01-06 09:30am;1767691800;439pk4c8tsd0
German 2-Year Schatz Auction;EUR;2026-01-06;10:30am;Low;2026-01-06 10:30am;1767695400;19ir43299jso
German Car Registration (YoY) (Dec);EUR;2026-01-06;11:00am;Low;2026-01-06 11:00am;1767697200;1oqt5k6pnhj0
GlobalDairyTrade Price Index;NZD;2026-01-06;12:00pm;Low;2026-01-06 12:00pm;1767700800;7r9pb9ii3bm0
Milk Auctions;USD;2026-01-06;12:00pm;Low;2026-01-06 12:00pm;1767700800;4c19tjpebdq0
FOMC Member Barkin Speaks;USD;2026-01-06;13:00pm;Low;2026-01-06 13:00pm;1767704400;1k65qh3mrkeg
German CPI (MoM) (Dec);EUR;2026-01-06;13:00pm;High;2026-01-06 13:00pm;1767704400;1g4c7hbei09o
German CPI (YoY) (Dec);EUR;2026-01-06;13:00pm;Medium;2026-01-06 13:00pm;1767704400;6gjbj3inq0a0
German HICP (MoM) (Dec);EUR;2026-01-06;13:00pm;Low;2026-01-06 13:00pm;1767704400;5nlt73hmibl0
German HICP (YoY) (Dec);EUR;2026-01-06;13:00pm;Low;2026-01-06 13:00pm;1767704400;597tgtso7o60
S&amp;P Global Composite PMI (Dec);BRL;2026-01-06;13:00pm;Low;2026-01-06 13:00pm;1767704400;2cerefu3thmg
S&amp;P Global Services PMI (Dec);BRL;2026-01-06;13:00pm;Low;2026-01-06 13:00pm;1767704400;3an48sddahr0
Reserve Assets Total (Dec);CAD;2026-01-06;13:15pm;Low;2026-01-06 13:15pm;1767705300;2ojr41am8eag
Redbook (YoY);USD;2026-01-06;13:55pm;Low;2026-01-06 13:55pm;1767707700;5ef0d6d4kc30
Services PMI (Dec);CAD;2026-01-06;14:30pm;Low;2026-01-06 14:30pm;1767709800;74j1691buj80
S&amp;P Global Composite PMI (Dec);USD;2026-01-06;14:45pm;Medium;2026-01-06 14:45pm;1767710700;2tfu0qgtpat0
S&amp;P Global Services PMI (Dec);USD;2026-01-06;14:45pm;High;2026-01-06 14:45pm;1767710700;qr6l184ia2g0
German Buba Mauderer Speaks;EUR;2026-01-06;15:00pm;Medium;2026-01-06 15:00pm;1767711600;65idcgr4anh0
API Weekly Crude Oil Stock;USD;2026-01-06;21:30pm;Medium;2026-01-06 21:30pm;1767735000;4rasntb5eeo0
Building Approvals (YoY) (Nov);AUD;2026-01-07;00:30am;Low;2026-01-07 00:30am;1767745800;7c8goeulul90
Building Approvals (MoM) (Nov);AUD;2026-01-07;00:30am;Medium;2026-01-07 00:30am;1767745800;7p7qptji6hh0
CPI Index Number (Nov);AUD;2026-01-07;00:30am;Low;2026-01-07 00:30am;1767745800;2e6skvqqoo5g
Private House Approvals (Nov);AUD;2026-01-07;00:30am;Low;2026-01-07 00:30am;1767745800;6m5qt75ojul0
Trimmed Mean CPI (QoQ) (Nov);AUD;2026-01-07;00:30am;Medium;2026-01-07 00:30am;1767745800;4foml7t7lj80
Trimmed Mean CPI (YoY) (Nov);AUD;2026-01-07;00:30am;Low;2026-01-07 00:30am;1767745800;19fhvlo0g22g
Monthly CPI Indicator (YoY);AUD;2026-01-07;00:30am;Low;2026-01-07 00:30am;1767745800;uv3l4bqipss0
Weighted mean CPI (QoQ) (Nov);AUD;2026-01-07;00:30am;Low;2026-01-07 00:30am;1767745800;sjou4d0dekg0
Weighted mean CPI (YoY) (Nov);AUD;2026-01-07;00:30am;Low;2026-01-07 00:30am;1767745800;ka9n29jm2ic0
Manufacturing &amp; Services PMI (Dec);JPY;2026-01-07;00:30am;Low;2026-01-07 00:30am;1767745800;18vsp8b5um10
au Jibun Bank Services PMI (Dec);JPY;2026-01-07;00:30am;Medium;2026-01-07 00:30am;1767745800;1hpenus10760
German Retail Sales (MoM) (Nov);EUR;2026-01-07;07:00am;Medium;2026-01-07 07:00am;1767769200;3iea7c4ldqgg
German Retail Sales (YoY) (Nov);EUR;2026-01-07;07:00am;Low;2026-01-07 07:00am;1767769200;3e2vtabgk7dg
French Consumer Confidence (Dec);EUR;2026-01-07;07:45am;Low;2026-01-07 07:45am;1767771900;76jsr42bqk80
FX Reserves (USD) (Dec);CNY;2026-01-07;08:00am;Low;2026-01-07 08:00am;1767772800;7dc92t2ju9d0
HCOB Italy Construction PMI (MoM) (Dec);EUR;2026-01-07;08:30am;Low;2026-01-07 08:30am;1767774600;lellbsfrlng0
HCOB Germany Construction PMI (Dec);EUR;2026-01-07;08:30am;Low;2026-01-07 08:30am;1767774600;7i8deusqi2b0
HCOB France Construction PMI (MoM) (Dec);EUR;2026-01-07;08:30am;Low;2026-01-07 08:30am;1767774600;6hrrrfbdt140
Foreign Reserves (USD) (Dec);HKD;2026-01-07;08:30am;Low;2026-01-07 08:30am;1767774600;2q55h17ed6tg
HCOB Eurozone Construction PMI (MoM) (Dec);EUR;2026-01-07;08:30am;Low;2026-01-07 08:30am;1767774600;2n3pm3agsvq0
German Unemployment Change (Dec);EUR;2026-01-07;08:55am;Medium;2026-01-07 08:55am;1767776100;34b3csulq0r0
German Unemployment Rate (Dec);EUR;2026-01-07;08:55am;Medium;2026-01-07 08:55am;1767776100;e03n6ae6nsk0
German Unemployment (Dec);EUR;2026-01-07;08:55am;Low;2026-01-07 08:55am;1767776100;6m7gsfpj2kd0
German Unemployment n.s.a. (Dec);EUR;2026-01-07;08:55am;Low;2026-01-07 08:55am;1767776100;25har5i3i4c0
Italian Public Deficit (Q3);EUR;2026-01-07;09:00am;Low;2026-01-07 09:00am;1767776400;2mlihaqvdeu0
Foreign Reserves USD (MoM) (Dec);SGD;2026-01-07;09:00am;Low;2026-01-07 09:00am;1767776400;3fb50dks5kvg
S&amp;P Global Construction PMI (Dec);GBP;2026-01-07;09:30am;Medium;2026-01-07 09:30am;1767778200;7od3budmfoa0
Housing Equity Withdrawal (QoQ);GBP;2026-01-07;09:30am;Low;2026-01-07 09:30am;1767778200;5hk2727v2dk0
Italian CPI (MoM) (Dec);EUR;2026-01-07;10:00am;Low;2026-01-07 10:00am;1767780000;1cjt4sc48mdg
Italian CPI (YoY) (Dec);EUR;2026-01-07;10:00am;Low;2026-01-07 10:00am;1767780000;enj047qnst60
Italian HICP (MoM) (Dec);EUR;2026-01-07;10:00am;Low;2026-01-07 10:00am;1767780000;5oo3loriiio0
Italian HICP (YoY) (Dec);EUR;2026-01-07;10:00am;Low;2026-01-07 10:00am;1767780000;2t2al9n188bg
Core CPI (YoY) (Dec);EUR;2026-01-07;10:00am;Medium;2026-01-07 10:00am;1767780000;4hm4s2s1tef0
Core CPI (MoM) (Dec);EUR;2026-01-07;10:00am;Low;2026-01-07 10:00am;1767780000;7m0gpv0dtk20
CPI (YoY) (Dec);EUR;2026-01-07;10:00am;High;2026-01-07 10:00am;1767780000;5qb9mgoo9gu0
CPI (MoM) (Dec);EUR;2026-01-07;10:00am;Medium;2026-01-07 10:00am;1767780000;2m5eh17k04s0
CPI, n.s.a (Dec);EUR;2026-01-07;10:00am;Low;2026-01-07 10:00am;1767780000;52jl7dk3gi20
HICP ex Energy &amp; Food (YoY) (Dec);EUR;2026-01-07;10:00am;Low;2026-01-07 10:00am;1767780000;5card3329lc0
HICP ex Energy and Food (MoM) (Dec);EUR;2026-01-07;10:00am;Low;2026-01-07 10:00am;1767780000;41iauhh9nt90
5-Year Treasury Gilt Auction;GBP;2026-01-07;10:30am;Low;2026-01-07 10:30am;1767781800;474cuu0idm20
German 10-Year Bund Auction;EUR;2026-01-07;10:30am;Medium;2026-01-07 10:30am;1767781800;3uj11af7jgs0
M3 Money Supply;INR;2026-01-07;11:30am;Low;2026-01-07 11:30am;1767785400;64oanf566s10
MBA 30-Year Mortgage Rate;USD;2026-01-07;12:00pm;Low;2026-01-07 12:00pm;1767787200;51cu21iigch0
MBA Mortgage Applications (WoW);USD;2026-01-07;12:00pm;Low;2026-01-07 12:00pm;1767787200;pb1gm078sng0
MBA Purchase Index;USD;2026-01-07;12:00pm;Low;2026-01-07 12:00pm;1767787200;3nm68314f1cg
Mortgage Market Index;USD;2026-01-07;12:00pm;Low;2026-01-07 12:00pm;1767787200;9r56m75ib3o0
Mortgage Refinance Index;USD;2026-01-07;12:00pm;Low;2026-01-07 12:00pm;1767787200;6din1tcjuih0
GDP Annual;INR;2026-01-07;12:00pm;Low;2026-01-07 12:00pm;1767787200;30qihvm5jabg
ADP Nonfarm Employment Change (Dec);USD;2026-01-07;13:15pm;High;2026-01-07 13:15pm;1767791700;1hpjoppof01g
Durables Excluding Defense (MoM) (Oct);USD;2026-01-07;15:00pm;Low;2026-01-07 15:00pm;1767798000;1et86gojh1fg
Durables Excluding Transport (MoM) (Oct);USD;2026-01-07;15:00pm;Low;2026-01-07 15:00pm;1767798000;7qgqq184eui0
Factory Orders (MoM) (Oct);USD;2026-01-07;15:00pm;Medium;2026-01-07 15:00pm;1767798000;4c6u31inskt0
Factory orders ex transportation (MoM) (Oct);USD;2026-01-07;15:00pm;Low;2026-01-07 15:00pm;1767798000;4j3abs6s3fg0
ISM Non-Manufacturing Business Activity (Dec);USD;2026-01-07;15:00pm;Low;2026-01-07 15:00pm;1767798000;55pj4ubpr460
ISM Non-Manufacturing Employment (Dec);USD;2026-01-07;15:00pm;Medium;2026-01-07 15:00pm;1767798000;23afaeoe4mv0
ISM Non-Manufacturing New Orders (Dec);USD;2026-01-07;15:00pm;Low;2026-01-07 15:00pm;1767798000;4i8nne05nni0
ISM Non-Manufacturing PMI (Dec);USD;2026-01-07;15:00pm;High;2026-01-07 15:00pm;1767798000;176npal03gho
ISM Non-Manufacturing Prices (Dec);USD;2026-01-07;15:00pm;High;2026-01-07 15:00pm;1767798000;55qgsfjt7id0
JOLTS Job Openings (Nov);USD;2026-01-07;15:00pm;High;2026-01-07 15:00pm;1767798000;hqnotdvt6g40
Ivey PMI n.s.a (Dec);CAD;2026-01-07;15:00pm;Low;2026-01-07 15:00pm;1767798000;5a03pitsa5g0
Ivey PMI (Dec);CAD;2026-01-07;15:00pm;Medium;2026-01-07 15:00pm;1767798000;5p3ocd8coi10
Crude Oil Inventories;USD;2026-01-07;15:30pm;High;2026-01-07 15:30pm;1767799800;4aad3valm170
EIA Refinery Crude Runs (WoW);USD;2026-01-07;15:30pm;Low;2026-01-07 15:30pm;1767799800;4k01g43rfkh0
Crude Oil Imports;USD;2026-01-07;15:30pm;Low;2026-01-07 15:30pm;1767799800;2h2jrk1iblag
Cushing Crude Oil Inventories;USD;2026-01-07;15:30pm;Medium;2026-01-07 15:30pm;1767799800;3nt3vmt6lr20
Distillate Fuel Production;USD;2026-01-07;15:30pm;Low;2026-01-07 15:30pm;1767799800;1nncusf83qc0
EIA Weekly Distillates Stocks;USD;2026-01-07;15:30pm;Low;2026-01-07 15:30pm;1767799800;5ibkh2eusr80
Gasoline Production;USD;2026-01-07;15:30pm;Low;2026-01-07 15:30pm;1767799800;68dio9gclq90
Heating Oil Stockpiles;USD;2026-01-07;15:30pm;Low;2026-01-07 15:30pm;1767799800;56j916b3u8g0
EIA Weekly Refinery Utilization Rates (WoW);USD;2026-01-07;15:30pm;Low;2026-01-07 15:30pm;1767799800;6bjp1q9692e0
Gasoline Inventories;USD;2026-01-07;15:30pm;Low;2026-01-07 15:30pm;1767799800;54i1jgl8ord0
Foreign Exchange Flows;BRL;2026-01-07;17:30pm;Low;2026-01-07 17:30pm;1767807000;19c2toonnns8
CFTC Corn speculative net positions;USD;2026-01-07;20:30pm;Low;2026-01-07 20:30pm;1767817800;5h7vfk8s4vv0
FOMC Member Bowman Speaks;USD;2026-01-07;21:10pm;Medium;2026-01-07 21:10pm;1767820200;19dpsv9bscug
Overall wage income of employees (Nov);JPY;2026-01-07;23:30pm;Low;2026-01-07 23:30pm;1767828600;1lgt88on3ogg
Overtime Pay (YoY) (Nov);JPY;2026-01-07;23:30pm;Low;2026-01-07 23:30pm;1767828600;6oh17l92ba20
Foreign Bonds Buying;JPY;2026-01-07;23:50pm;Low;2026-01-07 23:50pm;1767829800;6q2pk7geb5c0
Foreign Investments in Japanese Stocks;JPY;2026-01-07;23:50pm;Low;2026-01-07 23:50pm;1767829800;300rpk99bai0
Exports (MoM) (Nov);AUD;2026-01-08;00:30am;Low;2026-01-08 00:30am;1767832200;5ivg892nkpg0
Imports (MoM) (Nov);AUD;2026-01-08;00:30am;Low;2026-01-08 00:30am;1767832200;fv2cak201vs0
Trade Balance (Nov);AUD;2026-01-08;00:30am;Medium;2026-01-08 00:30am;1767832200;355p8an1ovb0
30-Year JGB Auction;JPY;2026-01-08;03:35am;Low;2026-01-08 03:35am;1767843300;6r4vr2p3ocr0
Household Confidence (Dec);JPY;2026-01-08;05:00am;Low;2026-01-08 05:00am;1767848400;3vn1hmsjaoqg
Foreign Reserves (USD) (Dec);ZAR;2026-01-08;06:00am;Low;2026-01-08 06:00am;1767852000;3aambm74d70g
Net FX Reserves (USD) (Dec);ZAR;2026-01-08;06:00am;Low;2026-01-08 06:00am;1767852000;1kcgtvmf6d3g
Halifax House Price Index (MoM) (Dec);GBP;2026-01-08;07:00am;Medium;2026-01-08 07:00am;1767855600;603dtkdubps0
Halifax House Price Index (YoY) (Dec);GBP;2026-01-08;07:00am;Medium;2026-01-08 07:00am;1767855600;713p619tb420
German Factory Orders (MoM) (Nov);EUR;2026-01-08;07:00am;Medium;2026-01-08 07:00am;1767855600;5lrv0p6kj400
CPI (MoM) (Dec);CHF;2026-01-08;07:30am;Medium;2026-01-08 07:30am;1767857400;4q168ue3hn00
CPI (YoY) (Dec);CHF;2026-01-08;07:30am;Low;2026-01-08 07:30am;1767857400;5urmi093e6k0
French Current Account (Nov);EUR;2026-01-08;07:45am;Low;2026-01-08 07:45am;1767858300;7ov6h8qajb10
French Exports (Nov);EUR;2026-01-08;07:45am;Low;2026-01-08 07:45am;1767858300;54n5s44ero60
French Imports (Nov);EUR;2026-01-08;07:45am;Low;2026-01-08 07:45am;1767858300;17t76toj3cc8
French Reserve Assets Total (Dec);EUR;2026-01-08;07:45am;Low;2026-01-08 07:45am;1767858300;35ac0vm7dqdg
French Trade Balance (Nov);EUR;2026-01-08;07:45am;Low;2026-01-08 07:45am;1767858300;2bd6kvnp4jcg
SNB Monetary Policy Assessment;CHF;2026-01-08;08:30am;Medium;2026-01-08 08:30am;1767861000;7c7dej1m8f60
ECB's De Guindos Speaks;EUR;2026-01-08;08:30am;Medium;2026-01-08 08:30am;1767861000;11ffq7a9g3qg
Italian Monthly Unemployment Rate (Nov);EUR;2026-01-08;09:00am;Low;2026-01-08 09:00am;1767862800;6vu5nfhqmvm0
Manufacturing PMI (Dec);ZAR;2026-01-08;09:00am;Low;2026-01-08 09:00am;1767862800;1pfhjof6d0k8
Spanish 10-Year Obligacion Auction;EUR;2026-01-08;09:40am;Low;2026-01-08 09:40am;1767865200;5mvl1bnjc1p0
Spanish 3-Year Bonos Auction;EUR;2026-01-08;09:40am;Low;2026-01-08 09:40am;1767865200;48lbbeeabpd0
Spanish 5-Year Bonos Auction;EUR;2026-01-08;09:40am;Low;2026-01-08 09:40am;1767865200;2d5icdh18l60
Mortgage Rate (GBP) (Dec);GBP;2026-01-08;10:00am;Medium;2026-01-08 10:00am;1767866400;tf5s85s32u00
Business and Consumer Survey (Dec);EUR;2026-01-08;10:00am;Low;2026-01-08 10:00am;1767866400;6lughin8r7e0
Business Climate (Dec);EUR;2026-01-08;10:00am;Low;2026-01-08 10:00am;1767866400;4uv5pfcpja50
Consumer Confidence (Dec);EUR;2026-01-08;10:00am;Low;2026-01-08 10:00am;1767866400;7f1b8fnvbfr0
Consumer Inflation Expectation (Dec);EUR;2026-01-08;10:00am;Low;2026-01-08 10:00am;1767866400;678jnfknvi00
Selling Price Expectations (Dec);EUR;2026-01-08;10:00am;Low;2026-01-08 10:00am;1767866400;23rpgnbjl4i0
Services Sentiment (Dec);EUR;2026-01-08;10:00am;Low;2026-01-08 10:00am;1767866400;2h0s6k9ucp2g
Industrial Sentiment (Dec);EUR;2026-01-08;10:00am;Low;2026-01-08 10:00am;1767866400;5sst31gsn2o0
PPI (MoM) (Nov);EUR;2026-01-08;10:00am;Low;2026-01-08 10:00am;1767866400;onvhmifdsks0
PPI (YoY) (Nov);EUR;2026-01-08;10:00am;Low;2026-01-08 10:00am;1767866400;4c916fhqfgh0
Unemployment Rate (Nov);EUR;2026-01-08;10:00am;Medium;2026-01-08 10:00am;1767866400;3s4ghvv281sg
IGP-DI Inflation Index (MoM) (Dec);BRL;2026-01-08;11:00am;Low;2026-01-08 11:00am;1767870000;35gumtc308e0
Manufacturing Production (MoM) (Nov);ZAR;2026-01-08;11:00am;Low;2026-01-08 11:00am;1767870000;2lafi37md4vg
Manufacturing Production (YoY) (Nov);ZAR;2026-01-08;11:00am;Low;2026-01-08 11:00am;1767870000;63ob8f6kcpi0
Industrial Production (YoY) (Nov);BRL;2026-01-08;12:00pm;Medium;2026-01-08 12:00pm;1767873600;19mg2as4lr1g
Industrial Production (MoM) (Nov);BRL;2026-01-08;12:00pm;Low;2026-01-08 12:00pm;1767873600;6gv3195h5af0
Challenger Job Cuts (YoY);USD;2026-01-08;12:30pm;Low;2026-01-08 12:30pm;1767875400;6t2nv2hqqqt0
Challenger Job Cuts (Dec);USD;2026-01-08;12:30pm;Low;2026-01-08 12:30pm;1767875400;414cfafsh2k0
Continuing Jobless Claims;USD;2026-01-08;13:30pm;Medium;2026-01-08 13:30pm;1767879000;2aucih85ckl0
Exports (Oct);USD;2026-01-08;13:30pm;Medium;2026-01-08 13:30pm;1767879000;6qihil2j3cn0
Imports (Oct);USD;2026-01-08;13:30pm;Medium;2026-01-08 13:30pm;1767879000;2sm8qnn9okeg
Initial Jobless Claims;USD;2026-01-08;13:30pm;High;2026-01-08 13:30pm;1767879000;4qju90a2jlh0
Jobless Claims 4-Week Avg.;USD;2026-01-08;13:30pm;Low;2026-01-08 13:30pm;1767879000;2rr0e33ku940
Nonfarm Productivity (QoQ) (Q3);USD;2026-01-08;13:30pm;Medium;2026-01-08 13:30pm;1767879000;1lc7gb7tkh1g
Trade Balance (Oct);USD;2026-01-08;13:30pm;Medium;2026-01-08 13:30pm;1767879000;1h2iv1f944f0
Unit Labor Costs (QoQ) (Q3);USD;2026-01-08;13:30pm;Medium;2026-01-08 13:30pm;1767879000;5c40i4u7bvr0
Exports (Oct);CAD;2026-01-08;13:30pm;Low;2026-01-08 13:30pm;1767879000;6dj1oeblg7f0
Imports (Oct);CAD;2026-01-08;13:30pm;Low;2026-01-08 13:30pm;1767879000;28c9t3h0oqk0
Trade Balance (Oct);CAD;2026-01-08;13:30pm;Medium;2026-01-08 13:30pm;1767879000;39abfh0bsmmg
Wholesale Inventories (MoM) (Oct);USD;2026-01-08;15:00pm;Low;2026-01-08 15:00pm;1767884400;34deb34ug2s0
Wholesale Trade Sales (MoM) (Oct);USD;2026-01-08;15:00pm;Low;2026-01-08 15:00pm;1767884400;71ursndom3a0
Natural Gas Storage;USD;2026-01-08;15:30pm;Low;2026-01-08 15:30pm;1767886200;4jhaqfkqsoo0
NY Fed 1-Year Consumer Inflation Expectations (Dec);USD;2026-01-08;16:00pm;Medium;2026-01-08 16:00pm;1767888000;7ciosp1t4go0
4-Week Bill Auction;USD;2026-01-08;16:30pm;Low;2026-01-08 16:30pm;1767889800;7mgtl4a5cse0
8-Week Bill Auction;USD;2026-01-08;16:30pm;Low;2026-01-08 16:30pm;1767889800;5qh0br5uc080
Atlanta Fed GDPNow (Q4);USD;2026-01-08;17:00pm;Medium;2026-01-08 17:00pm;1767891600;ns7b95j38bc0
Consumer Credit (Nov);USD;2026-01-08;20:00pm;Medium;2026-01-08 20:00pm;1767902400;2kksl6ne1l40
Current Account (Nov);KRW;2026-01-08;23:00pm;Low;2026-01-08 23:00pm;1767913200;78bv5err9g50
Household Spending (YoY) (Nov);JPY;2026-01-08;23:30pm;Medium;2026-01-08 23:30pm;1767915000;h1n24qv01400
Household Spending (MoM) (Nov);JPY;2026-01-08;23:30pm;Medium;2026-01-08 23:30pm;1767915000;6i1359o0bmf0
Foreign Reserves (USD) (Dec);JPY;2026-01-08;23:50pm;Low;2026-01-08 23:50pm;1767916200;3oq3c8legc8g
CPI (YoY) (Dec);CNY;2026-01-09;01:30am;Medium;2026-01-09 01:30am;1767922200;6h4fforavof0
CPI (MoM) (Dec);CNY;2026-01-09;01:30am;Medium;2026-01-09 01:30am;1767922200;5dk5s1p2n3t0
PPI (YoY) (Dec);CNY;2026-01-09;01:30am;Medium;2026-01-09 01:30am;1767922200;1cc25abtal5g
Coincident Indicator (MoM) (Nov);JPY;2026-01-09;05:00am;Low;2026-01-09 05:00am;1767934800;3a4qhsh4ckkg
Leading Index (Nov);JPY;2026-01-09;05:00am;Low;2026-01-09 05:00am;1767934800;4eg4dhcmtgp0
Leading Index (MoM) (Nov);JPY;2026-01-09;05:00am;Low;2026-01-09 05:00am;1767934800;1lpfv3vania0
German Exports (MoM) (Nov);EUR;2026-01-09;07:00am;Low;2026-01-09 07:00am;1767942000;u22al44vp400
German Imports (MoM) (Nov);EUR;2026-01-09;07:00am;Low;2026-01-09 07:00am;1767942000;61kv6vbnt250
German Industrial Production (MoM) (Nov);EUR;2026-01-09;07:00am;Medium;2026-01-09 07:00am;1767942000;7q7k52i4jt00
German Trade Balance (Nov);EUR;2026-01-09;07:00am;Medium;2026-01-09 07:00am;1767942000;51pk9l5pems0
German Industrial Production (YoY) (Nov);EUR;2026-01-09;07:00am;Low;2026-01-09 07:00am;1767942000;3rqf7k5sbi90
French Consumer Spending (MoM) (Nov);EUR;2026-01-09;07:45am;Medium;2026-01-09 07:45am;1767944700;654m77cbb980
French Industrial Production (MoM) (Nov);EUR;2026-01-09;07:45am;Low;2026-01-09 07:45am;1767944700;52gelgjvb8v0
Foreign Reserves (USD) (Dec);CHF;2026-01-09;08:00am;Low;2026-01-09 08:00am;1767945600;4v8h8fk5v8q0
SECO Consumer Climate (Dec);CHF;2026-01-09;08:00am;Medium;2026-01-09 08:00am;1767945600;5rjl3auj8a10
Unemployment Rate n.s.a. (Dec);CHF;2026-01-09;08:00am;Low;2026-01-09 08:00am;1767945600;13ivtrhpron0
Unemployment Rate s.a. (Dec);CHF;2026-01-09;08:00am;Low;2026-01-09 08:00am;1767945600;pvvn9eek9kk0
Spanish Industrial Production (YoY) (Nov);EUR;2026-01-09;08:00am;Low;2026-01-09 08:00am;1767945600;1dtog5gsb9fo
Italian Retail Sales (MoM) (Nov);EUR;2026-01-09;09:00am;Low;2026-01-09 09:00am;1767949200;5jo74nt2k0c0
Italian Retail Sales (YoY) (Nov);EUR;2026-01-09;09:00am;Low;2026-01-09 09:00am;1767949200;5u73rqkbcj30
Retail Sales (MoM) (Nov);EUR;2026-01-09;10:00am;Low;2026-01-09 10:00am;1767952800;3ktkqfkddpv0
Retail Sales (YoY) (Nov);EUR;2026-01-09;10:00am;Low;2026-01-09 10:00am;1767952800;3itetimiu33g
Italian 12-Month BOT Auction;EUR;2026-01-09;10:30am;Low;2026-01-09 10:30am;1767954600;1mbarp9b3378
Spanish Business Confidence (Dec);EUR;2026-01-09;11:00am;Low;2026-01-09 11:00am;1767956400;7sonf0uve250
Bank Loan Growth;INR;2026-01-09;11:30am;Low;2026-01-09 11:30am;1767958200;1ti9id493q9g
Deposit Growth;INR;2026-01-09;11:30am;Low;2026-01-09 11:30am;1767958200;52jvmmj9oht0
FX Reserves, USD;INR;2026-01-09;11:30am;Low;2026-01-09 11:30am;1767958200;25v6no3l1gmg
CPI (YoY) (Dec);BRL;2026-01-09;12:00pm;Medium;2026-01-09 12:00pm;1767960000;4hr2i05988v0
CPI (MoM) (Dec);BRL;2026-01-09;12:00pm;Low;2026-01-09 12:00pm;1767960000;41eedr2ag1e0
Brazilian IPCA Inflation Index SA (MoM) (Dec);BRL;2026-01-09;12:00pm;Low;2026-01-09 12:00pm;1767960000;1lt9uggu4mq0
ECB's Lane Speaks;EUR;2026-01-09;12:45pm;Medium;2026-01-09 12:45pm;1767962700;6gdcsuesqeb0
Average Hourly Earnings (MoM) (Dec);USD;2026-01-09;13:30pm;High;2026-01-09 13:30pm;1767965400;166b956qd6no
Average Hourly Earnings (YoY) (YoY) (Dec);USD;2026-01-09;13:30pm;Medium;2026-01-09 13:30pm;1767965400;l9229m6d6140
Average Weekly Hours (Dec);USD;2026-01-09;13:30pm;Low;2026-01-09 13:30pm;1767965400;5rh345ibfkm0
Building Permits (Oct);USD;2026-01-09;13:30pm;Medium;2026-01-09 13:30pm;1767965400;4qnn9oou06u0
Building Permits (MoM) (Sep);USD;2026-01-09;13:30pm;Low;2026-01-09 13:30pm;1767965400;5at4bi4pc440
Government Payrolls (Dec);USD;2026-01-09;13:30pm;Low;2026-01-09 13:30pm;1767965400;41hcpqh9ctj0
Housing Starts (Oct);USD;2026-01-09;13:30pm;Medium;2026-01-09 13:30pm;1767965400;7jn8sjvp3hh0
Housing Starts (MoM) (Oct);USD;2026-01-09;13:30pm;Medium;2026-01-09 13:30pm;1767965400;5pfdsdv15nk0
Manufacturing Payrolls (Dec);USD;2026-01-09;13:30pm;Low;2026-01-09 13:30pm;1767965400;16700hc70k78
Nonfarm Payrolls (Dec);USD;2026-01-09;13:30pm;High;2026-01-09 13:30pm;1767965400;641v9t5pund0
Participation Rate (Dec);USD;2026-01-09;13:30pm;Medium;2026-01-09 13:30pm;1767965400;2c028nnsbvn0
Private Nonfarm Payrolls (Dec);USD;2026-01-09;13:30pm;Medium;2026-01-09 13:30pm;1767965400;7cv1ievic5c0
U6 Unemployment Rate (Dec);USD;2026-01-09;13:30pm;Medium;2026-01-09 13:30pm;1767965400;6osha8bh1rr0
Unemployment Rate (Dec);USD;2026-01-09;13:30pm;High;2026-01-09 13:30pm;1767965400;280j6rqk3ul0
Avg hourly wages Permanent employee (Dec);CAD;2026-01-09;13:30pm;Low;2026-01-09 13:30pm;1767965400;1e2feiu7or18
Employment Change (Dec);CAD;2026-01-09;13:30pm;Medium;2026-01-09 13:30pm;1767965400;6fnnghd5nm60
Full Employment Change (Dec);CAD;2026-01-09;13:30pm;Low;2026-01-09 13:30pm;1767965400;4obldj4hjad0
Part Time Employment Change (Dec);CAD;2026-01-09;13:30pm;Low;2026-01-09 13:30pm;1767965400;3lgruuq3hhsg
Participation Rate (Dec);CAD;2026-01-09;13:30pm;Low;2026-01-09 13:30pm;1767965400;2shgnu60m380
Unemployment Rate (Dec);CAD;2026-01-09;13:30pm;Medium;2026-01-09 13:30pm;1767965400;50234f1gpts0
Michigan 1-Year Inflation Expectations (Jan);USD;2026-01-09;15:00pm;Medium;2026-01-09 15:00pm;1767970800;rpqhe291ipc0
Michigan 5-Year Inflation Expectations (Jan);USD;2026-01-09;15:00pm;Medium;2026-01-09 15:00pm;1767970800;348hnqeb8dv0
Michigan Consumer Expectations (Jan);USD;2026-01-09;15:00pm;Medium;2026-01-09 15:00pm;1767970800;7rn4uglra2p0
Michigan Consumer Sentiment (Jan);USD;2026-01-09;15:00pm;Medium;2026-01-09 15:00pm;1767970800;6j5cp9ul0nt0
Michigan Current Conditions (Jan);USD;2026-01-09;15:00pm;Low;2026-01-09 15:00pm;1767970800;2csl61cgdodg
Atlanta Fed GDPNow (Q4);USD;2026-01-09;15:30pm;Medium;2026-01-09 15:30pm;1767972600;5o8qvcc49dl0
U.S. Baker Hughes Oil Rig Count;USD;2026-01-09;18:00pm;Medium;2026-01-09 18:00pm;1767981600;6pqku8p7b810
U.S. Baker Hughes Total Rig Count;USD;2026-01-09;18:00pm;Medium;2026-01-09 18:00pm;1767981600;32hssiq1n7i0
FOMC Member Barkin Speaks;USD;2026-01-09;18:35pm;Low;2026-01-09 18:35pm;1767983700;53iuupt620v0
Time;1767599400
ServerTime;1767601911
LocalTime;1767605512
